{
  "project_info": {
    "project_number": "870383987622",
    "project_id": "foodie-f6b32",
    "storage_bucket": "foodie-f6b32.appspot.com"
  },
  "client": [
    {
      "client_info": {
        "mobilesdk_app_id": "1:870383987622:android:79c1a5cd07cb26edd5bd67",
        "android_client_info": {
          "package_name": "com.example.foodiie_app"
        }
      },
      "oauth_client": [
        {
          "client_id": "870383987622-5ev684osvmfffo1gr72uqbd5iq26rp9o.apps.googleusercontent.com",
          "client_type": 3
        }
      ],
      "api_key": [
        {
          "current_key": "AIzaSyD5E8CNXYc-3AhIyV_xKpkEoljc2n0Sno4"
        }
      ],
      "services": {
        "appinvite_service": {
          "other_platform_oauth_client": [
            {
              "client_id": "870383987622-5ev684osvmfffo1gr72uqbd5iq26rp9o.apps.googleusercontent.com",
              "client_type": 3
            }
          ]
        }
      }
    }
  ],
  "configuration_version": "1"
}